model_selection_score,features,parameters,model,r2_1,rmse_1,y_test_1,y_pred_1,y_indices_1,dataset,type
-0.7328884174765283,"['num-203a-mld.nii-0.500000', 'sum-203a-mld.nii-0.500000', 'std-203a-mld.nii-0.500000', 'skew-203a-mld.nii-0.500000', 'hist-4-203a-mld.nii-0.500000', 'hist-14-203a-mld.nii-0.500000', 'hist-16-203a-mld.nii-0.500000', 'hist-18-203a-mld.nii-0.500000', 'num-203k-mld.nii-0.500000', 'hist-2-203k-mld.nii-0.500000', 'hist-3-203k-mld.nii-0.500000', 'hist-7-203k-mld.nii-0.500000', 'hist-15-203k-mld.nii-0.500000', 'num-204f-mld.nii-0.500000', 'sum-204f-mld.nii-0.500000', 'std-204f-mld.nii-0.500000', 'hist-4-204f-mld.nii-0.500000', 'hist-5-204f-mld.nii-0.500000', 'hist-6-204f-mld.nii-0.500000', 'hist-13-204f-mld.nii-0.500000', 'sum-206k-mld.nii-0.500000', 'num-208f-mld.nii-0.500000', 'sum-208f-mld.nii-0.500000', 'kurt-208f-mld.nii-0.500000', 'hist-5-208f-mld.nii-0.500000', 'hist-6-208f-mld.nii-0.500000', 'hist-8-208f-mld.nii-0.500000', 'hist-15-208f-mld.nii-0.500000', 'hist-18-208f-mld.nii-0.500000', 'hist-19-208f-mld.nii-0.500000', 'num-0.500000-mean_mask', 'sum-0.500000-mean_mask', 'kurt-0.500000-mean_mask', 'hist-3-0.500000-mean_mask', 'hist-5-0.500000-mean_mask', 'hist-13-0.500000-mean_mask', 'hist-15-0.500000-mean_mask', 'hist-16-0.500000-mean_mask', 'hist-17-0.500000-mean_mask', 'hist-19-0.500000-mean_mask']","{'memory': None, 'steps': [('prep', StandardScaler()), ('model', KNeighborsRegressor(n_neighbors=9, p=1, weights='distance'))], 'verbose': False, 'prep': StandardScaler(), 'model': KNeighborsRegressor(n_neighbors=9, p=1, weights='distance'), 'prep__copy': True, 'prep__with_mean': True, 'prep__with_std': True, 'model__algorithm': 'auto', 'model__leaf_size': 30, 'model__metric': 'minkowski', 'model__metric_params': None, 'model__n_jobs': None, 'model__n_neighbors': 9, 'model__p': 1, 'model__weights': 'distance'}",KNNR_Objective,0.7339357340432783,8.138582437303324,[142. 139. 152. ... 131. 133. 160.],"[149.43106275 132.64077867 150.85866883 ... 131.96275962 129.81237577
 162.64301147]",[  2  13  17 ... 156 162 164],mld,all
-0.810962811878774,"['kurt-203a-mld.nii-0.500000', 'hist-1-203a-mld.nii-0.500000', 'hist-14-203a-mld.nii-0.500000', 'hist-17-203a-mld.nii-0.500000', 'hist-19-203a-mld.nii-0.500000', 'hist-1-203k-mld.nii-0.500000', 'hist-6-203k-mld.nii-0.500000', 'hist-10-203k-mld.nii-0.500000', 'hist-5-204f-mld.nii-0.500000', 'num-206k-mld.nii-0.500000', 'hist-4-206k-mld.nii-0.500000', 'std-208f-mld.nii-0.500000', 'hist-1-208f-mld.nii-0.500000', 'hist-8-208f-mld.nii-0.500000', 'hist-10-208f-mld.nii-0.500000', 'hist-13-208f-mld.nii-0.500000', 'hist-6-0.500000-mean_mask', 'hist-17-0.500000-mean_mask']","{'memory': None, 'steps': [('prep', StandardScaler()), ('model', LinearRegression(fit_intercept=1))], 'verbose': False, 'prep': StandardScaler(), 'model': LinearRegression(fit_intercept=1), 'prep__copy': True, 'prep__with_mean': True, 'prep__with_std': True, 'model__copy_X': True, 'model__fit_intercept': 1, 'model__n_jobs': None, 'model__normalize': False, 'model__positive': False}",LinearRegression_Objective,0.8113294341701762,6.853423474721391,[142. 139. 152. ... 131. 133. 160.],"[152.48066311 132.49439798 154.01139215 ... 126.71900728 130.56736157
 167.08547104]",[  2  13  17 ... 156 162 164],mld,all
-0.7993785162711138,"['num-203a-mld.nii-0.500000', 'hist-13-203a-mld.nii-0.500000', 'hist-14-203a-mld.nii-0.500000', 'std-203k-mld.nii-0.500000', 'hist-4-204f-mld.nii-0.500000', 'hist-6-204f-mld.nii-0.500000', 'std-206k-mld.nii-0.500000', 'skew-206k-mld.nii-0.500000']","{'memory': None, 'steps': [('prep', StandardScaler()), ('model', Lasso(alpha=0.01, normalize=True, random_state=5))], 'verbose': False, 'prep': StandardScaler(), 'model': Lasso(alpha=0.01, normalize=True, random_state=5), 'prep__copy': True, 'prep__with_mean': True, 'prep__with_std': True, 'model__alpha': 0.01, 'model__copy_X': True, 'model__fit_intercept': True, 'model__max_iter': 1000, 'model__normalize': True, 'model__positive': False, 'model__precompute': False, 'model__random_state': 5, 'model__selection': 'cyclic', 'model__tol': 0.0001, 'model__warm_start': False}",LassoRegression_Objective,0.8012098350980812,7.0348191774797355,[142. 139. 152. ... 131. 133. 160.],"[147.11775354 134.9628227  151.00103989 ... 128.10520684 132.99135786
 164.93316033]",[  2  13  17 ... 156 162 164],mld,all
-0.8085046889303309,"['hist-1-203a-mld.nii-0.500000', 'hist-19-203a-mld.nii-0.500000', 'sum-203k-mld.nii-0.500000', 'hist-1-203k-mld.nii-0.500000', 'hist-6-204f-mld.nii-0.500000', 'hist-7-204f-mld.nii-0.500000', 'hist-1-206k-mld.nii-0.500000', 'hist-6-206k-mld.nii-0.500000', 'hist-9-208f-mld.nii-0.500000', 'hist-0-0.500000-mean_mask', 'hist-4-0.500000-mean_mask', 'hist-5-0.500000-mean_mask']","{'memory': None, 'steps': [('prep', StandardScaler()), ('model', Ridge(alpha=0.01, normalize=True, random_state=5))], 'verbose': False, 'prep': StandardScaler(), 'model': Ridge(alpha=0.01, normalize=True, random_state=5), 'prep__copy': True, 'prep__with_mean': True, 'prep__with_std': True, 'model__alpha': 0.01, 'model__copy_X': True, 'model__fit_intercept': True, 'model__max_iter': None, 'model__normalize': True, 'model__random_state': 5, 'model__solver': 'auto', 'model__tol': 0.001}",RidgeRegression_Objective,0.8104111519941908,6.87008144550404,[142. 139. 152. ... 131. 133. 160.],"[150.01583149 136.09485194 149.94758944 ... 128.62206749 135.20793762
 166.50826443]",[  2  13  17 ... 156 162 164],mld,all
-0.8106065914951841,"['skew-203a-mld.nii-0.500000', 'kurt-203a-mld.nii-0.500000', 'hist-1-203k-mld.nii-0.500000', 'hist-10-203k-mld.nii-0.500000', 'hist-19-203k-mld.nii-0.500000', 'hist-6-204f-mld.nii-0.500000', 'num-206k-mld.nii-0.500000', 'hist-0-206k-mld.nii-0.500000', 'hist-4-206k-mld.nii-0.500000', 'hist-6-206k-mld.nii-0.500000', 'hist-7-206k-mld.nii-0.500000', 'hist-15-208f-mld.nii-0.500000', 'hist-4-0.500000-mean_mask', 'hist-5-0.500000-mean_mask', 'hist-6-0.500000-mean_mask']","{'memory': None, 'steps': [('prep', StandardScaler()), ('model', PLSRegression(n_components=8))], 'verbose': False, 'prep': StandardScaler(), 'model': PLSRegression(n_components=8), 'prep__copy': True, 'prep__with_mean': True, 'prep__with_std': True, 'model__copy': True, 'model__max_iter': 500, 'model__n_components': 8, 'model__scale': True, 'model__tol': 1e-06}",PLSRegression_Objective,0.8129585992462176,6.823769760862329,[142. 139. 152. ... 131. 133. 160.],"[152.93300017 135.65626578 154.38879465 ... 127.61243915 133.32037146
 167.79510287]",[  2  13  17 ... 156 162 164],mld,all
-0.7157476778800311,"['num-0.500000-mean_mask', 'hist-5-0.500000-mean_mask', 'hist-12-0.500000-mean_mask']","{'memory': None, 'steps': [('prep', StandardScaler()), ('model', KNeighborsRegressor(n_neighbors=6, weights='distance'))], 'verbose': False, 'prep': StandardScaler(), 'model': KNeighborsRegressor(n_neighbors=6, weights='distance'), 'prep__copy': True, 'prep__with_mean': True, 'prep__with_std': True, 'model__algorithm': 'auto', 'model__leaf_size': 30, 'model__metric': 'minkowski', 'model__metric_params': None, 'model__n_jobs': None, 'model__n_neighbors': 6, 'model__p': 2, 'model__weights': 'distance'}",KNNR_Objective,0.7254837047046641,8.266840462712015,[142. 139. 152. ... 131. 133. 160.],"[144.99864506 140.04387818 151.37761821 ... 130.94698537 129.60230456
 170.44695001]",[  2  13  17 ... 156 162 164],mld,mean_mask
-0.7832200489011554,"['num-0.500000-mean_mask', 'hist-0-0.500000-mean_mask', 'hist-15-0.500000-mean_mask']","{'memory': None, 'steps': [('prep', StandardScaler()), ('model', LinearRegression(fit_intercept=1))], 'verbose': False, 'prep': StandardScaler(), 'model': LinearRegression(fit_intercept=1), 'prep__copy': True, 'prep__with_mean': True, 'prep__with_std': True, 'model__copy_X': True, 'model__fit_intercept': 1, 'model__n_jobs': None, 'model__normalize': False, 'model__positive': False}",LinearRegression_Objective,0.7836888125775561,7.338291892348658,[142. 139. 152. ... 131. 133. 160.],"[145.70110859 137.69049493 152.2028365  ... 132.99878988 133.2111088
 167.81771132]",[  2  13  17 ... 156 162 164],mld,mean_mask
-0.7836574227513643,"['num-0.500000-mean_mask', 'hist-0-0.500000-mean_mask', 'hist-17-0.500000-mean_mask']","{'memory': None, 'steps': [('prep', StandardScaler()), ('model', Lasso(alpha=0.01, normalize=True, random_state=5))], 'verbose': False, 'prep': StandardScaler(), 'model': Lasso(alpha=0.01, normalize=True, random_state=5), 'prep__copy': True, 'prep__with_mean': True, 'prep__with_std': True, 'model__alpha': 0.01, 'model__copy_X': True, 'model__fit_intercept': True, 'model__max_iter': 1000, 'model__normalize': True, 'model__positive': False, 'model__precompute': False, 'model__random_state': 5, 'model__selection': 'cyclic', 'model__tol': 0.0001, 'model__warm_start': False}",LassoRegression_Objective,0.7836099073749718,7.339630187933042,[142. 139. 152. ... 131. 133. 160.],"[147.09610154 136.353513   151.01639065 ... 132.10829961 132.17418526
 166.05729502]",[  2  13  17 ... 156 162 164],mld,mean_mask
-0.7835949045248055,"['num-0.500000-mean_mask', 'hist-0-0.500000-mean_mask', 'hist-17-0.500000-mean_mask']","{'memory': None, 'steps': [('prep', StandardScaler()), ('model', Ridge(alpha=0.02, normalize=True, random_state=5))], 'verbose': False, 'prep': StandardScaler(), 'model': Ridge(alpha=0.02, normalize=True, random_state=5), 'prep__copy': True, 'prep__with_mean': True, 'prep__with_std': True, 'model__alpha': 0.02, 'model__copy_X': True, 'model__fit_intercept': True, 'model__max_iter': None, 'model__normalize': True, 'model__random_state': 5, 'model__solver': 'auto', 'model__tol': 0.001}",RidgeRegression_Objective,0.7836071614513049,7.339676756609217,[142. 139. 152. ... 131. 133. 160.],"[147.00600727 136.40903618 151.11684409 ... 132.22627295 132.31577629
 165.69454894]",[  2  13  17 ... 156 162 164],mld,mean_mask
-0.7872976355608369,"['num-0.500000-mean_mask', 'sum-0.500000-mean_mask', 'std-0.500000-mean_mask', 'hist-4-0.500000-mean_mask', 'hist-6-0.500000-mean_mask', 'hist-16-0.500000-mean_mask', 'hist-17-0.500000-mean_mask']","{'memory': None, 'steps': [('prep', StandardScaler()), ('model', PLSRegression(n_components=3))], 'verbose': False, 'prep': StandardScaler(), 'model': PLSRegression(n_components=3), 'prep__copy': True, 'prep__with_mean': True, 'prep__with_std': True, 'model__copy': True, 'model__max_iter': 500, 'model__n_components': 3, 'model__scale': True, 'model__tol': 1e-06}",PLSRegression_Objective,0.787679253022157,7.270289565904482,[142. 139. 152. ... 131. 133. 160.],"[146.69537168 135.04176911 151.93459755 ... 132.21159685 132.50940814
 168.17713487]",[  2  13  17 ... 156 162 164],mld,mean_mask
-0.7284261593560039,"['num-203a-mld.nii-0.500000', 'hist-5-203a-mld.nii-0.500000']","{'memory': None, 'steps': [('prep', StandardScaler()), ('model', KNeighborsRegressor(n_neighbors=6))], 'verbose': False, 'prep': StandardScaler(), 'model': KNeighborsRegressor(n_neighbors=6), 'prep__copy': True, 'prep__with_mean': True, 'prep__with_std': True, 'model__algorithm': 'auto', 'model__leaf_size': 30, 'model__metric': 'minkowski', 'model__metric_params': None, 'model__n_jobs': None, 'model__n_neighbors': 6, 'model__p': 2, 'model__weights': 'uniform'}",KNNR_Objective,0.7422861725658454,8.009849431075263,[142. 139. 152. ... 131. 133. 160.],"[148.33333333 138.         143.66666667 ... 126.5        131.16666667
 169.5       ]",[  2  13  17 ... 156 162 164],mld,203a
-0.7866667742605806,"['num-203a-mld.nii-0.500000', 'hist-0-203a-mld.nii-0.500000', 'hist-14-203a-mld.nii-0.500000', 'hist-19-203a-mld.nii-0.500000']","{'memory': None, 'steps': [('prep', StandardScaler()), ('model', LinearRegression(fit_intercept=1))], 'verbose': False, 'prep': StandardScaler(), 'model': LinearRegression(fit_intercept=1), 'prep__copy': True, 'prep__with_mean': True, 'prep__with_std': True, 'model__copy_X': True, 'model__fit_intercept': 1, 'model__n_jobs': None, 'model__normalize': False, 'model__positive': False}",LinearRegression_Objective,0.7875610728347573,7.272312648123459,[142. 139. 152. ... 131. 133. 160.],"[143.66002638 135.73085761 147.65474992 ... 131.93562114 133.93790853
 165.45393016]",[  2  13  17 ... 156 162 164],mld,203a
-0.7863132395965321,"['num-203a-mld.nii-0.500000', 'hist-0-203a-mld.nii-0.500000', 'hist-14-203a-mld.nii-0.500000', 'hist-19-203a-mld.nii-0.500000']","{'memory': None, 'steps': [('prep', StandardScaler()), ('model', Lasso(alpha=0.01, normalize=True, random_state=5))], 'verbose': False, 'prep': StandardScaler(), 'model': Lasso(alpha=0.01, normalize=True, random_state=5), 'prep__copy': True, 'prep__with_mean': True, 'prep__with_std': True, 'model__alpha': 0.01, 'model__copy_X': True, 'model__fit_intercept': True, 'model__max_iter': 1000, 'model__normalize': True, 'model__positive': False, 'model__precompute': False, 'model__random_state': 5, 'model__selection': 'cyclic', 'model__tol': 0.0001, 'model__warm_start': False}",LassoRegression_Objective,0.7870948835837552,7.280287683848916,[142. 139. 152. ... 131. 133. 160.],"[144.21553322 135.87038244 147.55062277 ... 131.81751555 133.93833826
 165.15424125]",[  2  13  17 ... 156 162 164],mld,203a
-0.7866894217918273,"['num-203a-mld.nii-0.500000', 'hist-0-203a-mld.nii-0.500000', 'hist-14-203a-mld.nii-0.500000', 'hist-19-203a-mld.nii-0.500000']","{'memory': None, 'steps': [('prep', StandardScaler()), ('model', Ridge(alpha=0.01, normalize=True, random_state=5))], 'verbose': False, 'prep': StandardScaler(), 'model': Ridge(alpha=0.01, normalize=True, random_state=5), 'prep__copy': True, 'prep__with_mean': True, 'prep__with_std': True, 'model__alpha': 0.01, 'model__copy_X': True, 'model__fit_intercept': True, 'model__max_iter': None, 'model__normalize': True, 'model__random_state': 5, 'model__solver': 'auto', 'model__tol': 0.001}",RidgeRegression_Objective,0.7875584387620915,7.27235773341183,[142. 139. 152. ... 131. 133. 160.],"[143.847074   135.8311949  147.60847471 ... 132.00203858 134.02120351
 165.20033625]",[  2  13  17 ... 156 162 164],mld,203a
-0.7882702703470311,"['num-203a-mld.nii-0.500000', 'hist-0-203a-mld.nii-0.500000', 'hist-1-203a-mld.nii-0.500000', 'hist-4-203a-mld.nii-0.500000', 'hist-6-203a-mld.nii-0.500000', 'hist-14-203a-mld.nii-0.500000']","{'memory': None, 'steps': [('prep', StandardScaler()), ('model', PLSRegression(n_components=4))], 'verbose': False, 'prep': StandardScaler(), 'model': PLSRegression(n_components=4), 'prep__copy': True, 'prep__with_mean': True, 'prep__with_std': True, 'model__copy': True, 'model__max_iter': 500, 'model__n_components': 4, 'model__scale': True, 'model__tol': 1e-06}",PLSRegression_Objective,0.7905490089846667,7.220989302853425,[142. 139. 152. ... 131. 133. 160.],"[145.63234005 135.85095517 149.11800826 ... 131.30368372 132.4037557
 165.98603315]",[  2  13  17 ... 156 162 164],mld,203a
-0.7042717991570383,['num-203k-mld.nii-0.500000'],"{'memory': None, 'steps': [('prep', StandardScaler()), ('model', KNeighborsRegressor(p=5))], 'verbose': False, 'prep': StandardScaler(), 'model': KNeighborsRegressor(p=5), 'prep__copy': True, 'prep__with_mean': True, 'prep__with_std': True, 'model__algorithm': 'auto', 'model__leaf_size': 30, 'model__metric': 'minkowski', 'model__metric_params': None, 'model__n_jobs': None, 'model__n_neighbors': 5, 'model__p': 5, 'model__weights': 'uniform'}",KNNR_Objective,0.7119368596270885,8.46836049136813,[142. 139. 152. ... 131. 133. 160.],[158.  140.4 148.2 ... 134.  132.8 170.2],[  2  13  17 ... 156 162 164],mld,203k
-0.7737824193181335,"['num-203k-mld.nii-0.500000', 'skew-203k-mld.nii-0.500000', 'hist-0-203k-mld.nii-0.500000', 'hist-15-203k-mld.nii-0.500000']","{'memory': None, 'steps': [('prep', StandardScaler()), ('model', LinearRegression(fit_intercept=1))], 'verbose': False, 'prep': StandardScaler(), 'model': LinearRegression(fit_intercept=1), 'prep__copy': True, 'prep__with_mean': True, 'prep__with_std': True, 'model__copy_X': True, 'model__fit_intercept': 1, 'model__n_jobs': None, 'model__normalize': False, 'model__positive': False}",LinearRegression_Objective,0.7735366828137009,7.508521420866509,[142. 139. 152. ... 131. 133. 160.],"[148.53503007 138.45647113 149.46487383 ... 131.24202886 135.00303671
 167.5475982 ]",[  2  13  17 ... 156 162 164],mld,203k
-0.775464124334118,"['num-203k-mld.nii-0.500000', 'skew-203k-mld.nii-0.500000', 'hist-0-203k-mld.nii-0.500000', 'hist-14-203k-mld.nii-0.500000']","{'memory': None, 'steps': [('prep', StandardScaler()), ('model', Lasso(alpha=0.01, normalize=True, random_state=5))], 'verbose': False, 'prep': StandardScaler(), 'model': Lasso(alpha=0.01, normalize=True, random_state=5), 'prep__copy': True, 'prep__with_mean': True, 'prep__with_std': True, 'model__alpha': 0.01, 'model__copy_X': True, 'model__fit_intercept': True, 'model__max_iter': 1000, 'model__normalize': True, 'model__positive': False, 'model__precompute': False, 'model__random_state': 5, 'model__selection': 'cyclic', 'model__tol': 0.0001, 'model__warm_start': False}",LassoRegression_Objective,0.7753065874921633,7.479122764169149,[142. 139. 152. ... 131. 133. 160.],"[148.7293565  138.38011554 148.76916546 ... 131.58714945 134.26369084
 166.30340422]",[  2  13  17 ... 156 162 164],mld,203k
-0.7736248665153287,"['num-203k-mld.nii-0.500000', 'skew-203k-mld.nii-0.500000', 'hist-0-203k-mld.nii-0.500000', 'hist-15-203k-mld.nii-0.500000']","{'memory': None, 'steps': [('prep', StandardScaler()), ('model', Ridge(alpha=0.02, normalize=True, random_state=5))], 'verbose': False, 'prep': StandardScaler(), 'model': Ridge(alpha=0.02, normalize=True, random_state=5), 'prep__copy': True, 'prep__with_mean': True, 'prep__with_std': True, 'model__alpha': 0.02, 'model__copy_X': True, 'model__fit_intercept': True, 'model__max_iter': None, 'model__normalize': True, 'model__random_state': 5, 'model__solver': 'auto', 'model__tol': 0.001}",RidgeRegression_Objective,0.7733027645636842,7.512398267009398,[142. 139. 152. ... 131. 133. 160.],"[148.8277529  138.54018326 149.3945571  ... 131.4956389  135.20860317
 167.00534487]",[  2  13  17 ... 156 162 164],mld,203k
-0.7751979540062188,"['num-203k-mld.nii-0.500000', 'skew-203k-mld.nii-0.500000', 'hist-0-203k-mld.nii-0.500000', 'hist-14-203k-mld.nii-0.500000']","{'memory': None, 'steps': [('prep', StandardScaler()), ('model', PLSRegression(n_components=3))], 'verbose': False, 'prep': StandardScaler(), 'model': PLSRegression(n_components=3), 'prep__copy': True, 'prep__with_mean': True, 'prep__with_std': True, 'model__copy': True, 'model__max_iter': 500, 'model__n_components': 3, 'model__scale': True, 'model__tol': 1e-06}",PLSRegression_Objective,0.7755243557431201,7.475497579332557,[142. 139. 152. ... 131. 133. 160.],"[148.36282357 138.31899785 148.82960188 ... 131.43783341 134.14001908
 166.52748944]",[  2  13  17 ... 156 162 164],mld,203k
-0.7128642761084181,"['num-204f-mld.nii-0.500000', 'sum-204f-mld.nii-0.500000', 'std-204f-mld.nii-0.500000', 'hist-5-204f-mld.nii-0.500000']","{'memory': None, 'steps': [('prep', StandardScaler()), ('model', KNeighborsRegressor(p=1, weights='distance'))], 'verbose': False, 'prep': StandardScaler(), 'model': KNeighborsRegressor(p=1, weights='distance'), 'prep__copy': True, 'prep__with_mean': True, 'prep__with_std': True, 'model__algorithm': 'auto', 'model__leaf_size': 30, 'model__metric': 'minkowski', 'model__metric_params': None, 'model__n_jobs': None, 'model__n_neighbors': 5, 'model__p': 1, 'model__weights': 'distance'}",KNNR_Objective,0.724189006640073,8.286311934022697,[142. 139. 152. ... 131. 133. 160.],"[153.75942287 132.57475226 147.00036603 ... 125.1806044  127.99718877
 163.00853107]",[  2  13  17 ... 156 162 164],mld,204f
-0.7657904418425394,"['num-204f-mld.nii-0.500000', 'skew-204f-mld.nii-0.500000', 'hist-0-204f-mld.nii-0.500000', 'hist-1-204f-mld.nii-0.500000', 'hist-2-204f-mld.nii-0.500000', 'hist-14-204f-mld.nii-0.500000']","{'memory': None, 'steps': [('prep', StandardScaler()), ('model', LinearRegression(fit_intercept=1))], 'verbose': False, 'prep': StandardScaler(), 'model': LinearRegression(fit_intercept=1), 'prep__copy': True, 'prep__with_mean': True, 'prep__with_std': True, 'model__copy_X': True, 'model__fit_intercept': 1, 'model__n_jobs': None, 'model__normalize': False, 'model__positive': False}",LinearRegression_Objective,0.7658076049919806,7.635577435264987,[142. 139. 152. ... 131. 133. 160.],"[148.43313093 131.37274497 154.83182665 ... 128.54443862 133.32024807
 161.89941828]",[  2  13  17 ... 156 162 164],mld,204f
-0.762993138923734,"['num-204f-mld.nii-0.500000', 'skew-204f-mld.nii-0.500000', 'hist-0-204f-mld.nii-0.500000', 'hist-1-204f-mld.nii-0.500000', 'hist-14-204f-mld.nii-0.500000']","{'memory': None, 'steps': [('prep', StandardScaler()), ('model', Lasso(alpha=0.01, normalize=True, random_state=5))], 'verbose': False, 'prep': StandardScaler(), 'model': Lasso(alpha=0.01, normalize=True, random_state=5), 'prep__copy': True, 'prep__with_mean': True, 'prep__with_std': True, 'model__alpha': 0.01, 'model__copy_X': True, 'model__fit_intercept': True, 'model__max_iter': 1000, 'model__normalize': True, 'model__positive': False, 'model__precompute': False, 'model__random_state': 5, 'model__selection': 'cyclic', 'model__tol': 0.0001, 'model__warm_start': False}",LassoRegression_Objective,0.7612106256296494,7.710152901204012,[142. 139. 152. ... 131. 133. 160.],"[147.65189649 131.67795835 153.66890654 ... 128.35023939 131.36908249
 163.78679802]",[  2  13  17 ... 156 162 164],mld,204f
-0.7652025387666528,"['num-204f-mld.nii-0.500000', 'skew-204f-mld.nii-0.500000', 'hist-0-204f-mld.nii-0.500000', 'hist-1-204f-mld.nii-0.500000', 'hist-14-204f-mld.nii-0.500000']","{'memory': None, 'steps': [('prep', StandardScaler()), ('model', Ridge(alpha=0.02, normalize=True, random_state=5))], 'verbose': False, 'prep': StandardScaler(), 'model': Ridge(alpha=0.02, normalize=True, random_state=5), 'prep__copy': True, 'prep__with_mean': True, 'prep__with_std': True, 'model__alpha': 0.02, 'model__copy_X': True, 'model__fit_intercept': True, 'model__max_iter': None, 'model__normalize': True, 'model__random_state': 5, 'model__solver': 'auto', 'model__tol': 0.001}",RidgeRegression_Objective,0.7645130453792841,7.656652175357981,[142. 139. 152. ... 131. 133. 160.],"[147.66958896 131.77541514 154.12614212 ... 128.53823838 131.96391698
 162.90629631]",[  2  13  17 ... 156 162 164],mld,204f
-0.7656427267752054,"['num-204f-mld.nii-0.500000', 'skew-204f-mld.nii-0.500000', 'hist-0-204f-mld.nii-0.500000', 'hist-1-204f-mld.nii-0.500000', 'hist-14-204f-mld.nii-0.500000']","{'memory': None, 'steps': [('prep', StandardScaler()), ('model', PLSRegression(n_components=5))], 'verbose': False, 'prep': StandardScaler(), 'model': PLSRegression(n_components=5), 'prep__copy': True, 'prep__with_mean': True, 'prep__with_std': True, 'model__copy': True, 'model__max_iter': 500, 'model__n_components': 5, 'model__scale': True, 'model__tol': 1e-06}",PLSRegression_Objective,0.7650020102287866,7.648698912664508,[142. 139. 152. ... 131. 133. 160.],"[147.44519064 131.47596624 155.28623073 ... 128.22512658 132.48717471
 162.21340624]",[  2  13  17 ... 156 162 164],mld,204f
-0.6422220258975004,"['num-206k-mld.nii-0.500000', 'sum-206k-mld.nii-0.500000', 'std-206k-mld.nii-0.500000', 'hist-12-206k-mld.nii-0.500000', 'hist-18-206k-mld.nii-0.500000']","{'memory': None, 'steps': [('prep', StandardScaler()), ('model', KNeighborsRegressor(n_neighbors=7, p=1, weights='distance'))], 'verbose': False, 'prep': StandardScaler(), 'model': KNeighborsRegressor(n_neighbors=7, p=1, weights='distance'), 'prep__copy': True, 'prep__with_mean': True, 'prep__with_std': True, 'model__algorithm': 'auto', 'model__leaf_size': 30, 'model__metric': 'minkowski', 'model__metric_params': None, 'model__n_jobs': None, 'model__n_neighbors': 7, 'model__p': 1, 'model__weights': 'distance'}",KNNR_Objective,0.638824770465106,9.48231701336065,[142. 139. 152. ... 131. 133. 160.],"[139.88956938 132.12156622 145.29296818 ... 140.52279743 137.68244573
 156.64743961]",[  2  13  17 ... 156 162 164],mld,206k
-0.7432241556836132,"['num-206k-mld.nii-0.500000', 'sum-206k-mld.nii-0.500000', 'std-206k-mld.nii-0.500000', 'hist-0-206k-mld.nii-0.500000', 'hist-1-206k-mld.nii-0.500000', 'hist-8-206k-mld.nii-0.500000', 'hist-14-206k-mld.nii-0.500000', 'hist-16-206k-mld.nii-0.500000']","{'memory': None, 'steps': [('prep', StandardScaler()), ('model', LinearRegression(fit_intercept=1))], 'verbose': False, 'prep': StandardScaler(), 'model': LinearRegression(fit_intercept=1), 'prep__copy': True, 'prep__with_mean': True, 'prep__with_std': True, 'model__copy_X': True, 'model__fit_intercept': 1, 'model__n_jobs': None, 'model__normalize': False, 'model__positive': False}",LinearRegression_Objective,0.7498837626766401,7.890898101317099,[142. 139. 152. ... 131. 133. 160.],"[148.34678046 135.05280068 153.79852091 ... 138.83973094 133.40601595
 161.00121556]",[  2  13  17 ... 156 162 164],mld,206k
-0.7448764981834576,"['sum-206k-mld.nii-0.500000', 'mean-206k-mld.nii-0.500000', 'std-206k-mld.nii-0.500000', 'skew-206k-mld.nii-0.500000', 'kurt-206k-mld.nii-0.500000', 'hist-2-206k-mld.nii-0.500000', 'hist-8-206k-mld.nii-0.500000', 'hist-14-206k-mld.nii-0.500000']","{'memory': None, 'steps': [('prep', StandardScaler()), ('model', Lasso(alpha=0.01, normalize=True, random_state=5))], 'verbose': False, 'prep': StandardScaler(), 'model': Lasso(alpha=0.01, normalize=True, random_state=5), 'prep__copy': True, 'prep__with_mean': True, 'prep__with_std': True, 'model__alpha': 0.01, 'model__copy_X': True, 'model__fit_intercept': True, 'model__max_iter': 1000, 'model__normalize': True, 'model__positive': False, 'model__precompute': False, 'model__random_state': 5, 'model__selection': 'cyclic', 'model__tol': 0.0001, 'model__warm_start': False}",LassoRegression_Objective,0.7492860902480041,7.900320436763645,[142. 139. 152. ... 131. 133. 160.],"[146.73095399 139.62265234 151.42638909 ... 133.93272565 133.52050779
 157.84017004]",[  2  13  17 ... 156 162 164],mld,206k
-0.7707981076973875,"['mean-206k-mld.nii-0.500000', 'std-206k-mld.nii-0.500000', 'skew-206k-mld.nii-0.500000', 'kurt-206k-mld.nii-0.500000', 'hist-1-206k-mld.nii-0.500000', 'hist-4-206k-mld.nii-0.500000', 'hist-6-206k-mld.nii-0.500000', 'hist-14-206k-mld.nii-0.500000', 'hist-16-206k-mld.nii-0.500000']","{'memory': None, 'steps': [('prep', StandardScaler()), ('model', Ridge(alpha=0.01, normalize=True, random_state=5))], 'verbose': False, 'prep': StandardScaler(), 'model': Ridge(alpha=0.01, normalize=True, random_state=5), 'prep__copy': True, 'prep__with_mean': True, 'prep__with_std': True, 'model__alpha': 0.01, 'model__copy_X': True, 'model__fit_intercept': True, 'model__max_iter': None, 'model__normalize': True, 'model__random_state': 5, 'model__solver': 'auto', 'model__tol': 0.001}",RidgeRegression_Objective,0.7736169014201648,7.5071914560820225,[142. 139. 152. ... 131. 133. 160.],"[145.66594882 136.10103039 152.36400641 ... 132.21985188 134.83818498
 162.14099168]",[  2  13  17 ... 156 162 164],mld,206k
-0.7546610216350018,"['num-206k-mld.nii-0.500000', 'sum-206k-mld.nii-0.500000', 'mean-206k-mld.nii-0.500000', 'skew-206k-mld.nii-0.500000', 'hist-0-206k-mld.nii-0.500000', 'hist-1-206k-mld.nii-0.500000', 'hist-2-206k-mld.nii-0.500000', 'hist-4-206k-mld.nii-0.500000', 'hist-6-206k-mld.nii-0.500000', 'hist-7-206k-mld.nii-0.500000', 'hist-8-206k-mld.nii-0.500000', 'hist-14-206k-mld.nii-0.500000']","{'memory': None, 'steps': [('prep', StandardScaler()), ('model', PLSRegression(n_components=3))], 'verbose': False, 'prep': StandardScaler(), 'model': PLSRegression(n_components=3), 'prep__copy': True, 'prep__with_mean': True, 'prep__with_std': True, 'model__copy': True, 'model__max_iter': 500, 'model__n_components': 3, 'model__scale': True, 'model__tol': 1e-06}",PLSRegression_Objective,0.7581939753773792,7.758701621855452,[142. 139. 152. ... 131. 133. 160.],"[145.56960039 138.20985814 150.81276117 ... 136.88166789 132.04256437
 161.38306127]",[  2  13  17 ... 156 162 164],mld,206k
-0.6819885171818891,"['num-208f-mld.nii-0.500000', 'hist-5-208f-mld.nii-0.500000', 'hist-12-208f-mld.nii-0.500000', 'hist-13-208f-mld.nii-0.500000']","{'memory': None, 'steps': [('prep', StandardScaler()), ('model', KNeighborsRegressor(n_neighbors=6, weights='distance'))], 'verbose': False, 'prep': StandardScaler(), 'model': KNeighborsRegressor(n_neighbors=6, weights='distance'), 'prep__copy': True, 'prep__with_mean': True, 'prep__with_std': True, 'model__algorithm': 'auto', 'model__leaf_size': 30, 'model__metric': 'minkowski', 'model__metric_params': None, 'model__n_jobs': None, 'model__n_neighbors': 6, 'model__p': 2, 'model__weights': 'distance'}",KNNR_Objective,0.6895822253320655,8.79080775143515,[142. 139. 152. ... 131. 133. 160.],"[147.03572451 143.25185227 156.47123499 ... 129.91852529 127.54049025
 170.34502468]",[  2  13  17 ... 156 162 164],mld,208f
-0.7525021429840216,"['num-208f-mld.nii-0.500000', 'hist-0-208f-mld.nii-0.500000', 'hist-15-208f-mld.nii-0.500000']","{'memory': None, 'steps': [('prep', StandardScaler()), ('model', LinearRegression(fit_intercept=1))], 'verbose': False, 'prep': StandardScaler(), 'model': LinearRegression(fit_intercept=1), 'prep__copy': True, 'prep__with_mean': True, 'prep__with_std': True, 'model__copy_X': True, 'model__fit_intercept': 1, 'model__n_jobs': None, 'model__normalize': False, 'model__positive': False}",LinearRegression_Objective,0.7528622939765548,7.843772653287446,[142. 139. 152. ... 131. 133. 160.],"[146.10065417 138.26467168 156.00009031 ... 132.07115038 135.01403988
 162.78178931]",[  2  13  17 ... 156 162 164],mld,208f
-0.7521851452955889,"['num-208f-mld.nii-0.500000', 'hist-0-208f-mld.nii-0.500000', 'hist-15-208f-mld.nii-0.500000']","{'memory': None, 'steps': [('prep', StandardScaler()), ('model', Lasso(alpha=0.01, normalize=True, random_state=5))], 'verbose': False, 'prep': StandardScaler(), 'model': Lasso(alpha=0.01, normalize=True, random_state=5), 'prep__copy': True, 'prep__with_mean': True, 'prep__with_std': True, 'model__alpha': 0.01, 'model__copy_X': True, 'model__fit_intercept': True, 'model__max_iter': 1000, 'model__normalize': True, 'model__positive': False, 'model__precompute': False, 'model__random_state': 5, 'model__selection': 'cyclic', 'model__tol': 0.0001, 'model__warm_start': False}",LassoRegression_Objective,0.752409685754982,7.850951913982027,[142. 139. 152. ... 131. 133. 160.],"[146.26241149 138.40840209 155.68476182 ... 132.15572385 134.84770197
 162.50211615]",[  2  13  17 ... 156 162 164],mld,208f
-0.7523236668653697,"['num-208f-mld.nii-0.500000', 'hist-0-208f-mld.nii-0.500000', 'hist-15-208f-mld.nii-0.500000']","{'memory': None, 'steps': [('prep', StandardScaler()), ('model', Ridge(alpha=0.02, normalize=True, random_state=5))], 'verbose': False, 'prep': StandardScaler(), 'model': Ridge(alpha=0.02, normalize=True, random_state=5), 'prep__copy': True, 'prep__with_mean': True, 'prep__with_std': True, 'model__alpha': 0.02, 'model__copy_X': True, 'model__fit_intercept': True, 'model__max_iter': None, 'model__normalize': True, 'model__random_state': 5, 'model__solver': 'auto', 'model__tol': 0.001}",RidgeRegression_Objective,0.7525887523386651,7.848112349308946,[142. 139. 152. ... 131. 133. 160.],"[146.26882036 138.38046395 155.75604096 ... 132.29546998 135.12632897
 162.34084723]",[  2  13  17 ... 156 162 164],mld,208f
-0.7592714794195679,"['num-208f-mld.nii-0.500000', 'sum-208f-mld.nii-0.500000', 'skew-208f-mld.nii-0.500000', 'hist-4-208f-mld.nii-0.500000', 'hist-6-208f-mld.nii-0.500000', 'hist-8-208f-mld.nii-0.500000', 'hist-15-208f-mld.nii-0.500000']","{'memory': None, 'steps': [('prep', StandardScaler()), ('model', PLSRegression(n_components=3))], 'verbose': False, 'prep': StandardScaler(), 'model': PLSRegression(n_components=3), 'prep__copy': True, 'prep__with_mean': True, 'prep__with_std': True, 'model__copy': True, 'model__max_iter': 500, 'model__n_components': 3, 'model__scale': True, 'model__tol': 1e-06}",PLSRegression_Objective,0.7617588562436121,7.701297040695616,[142. 139. 152. ... 131. 133. 160.],"[145.87496368 137.99459247 156.68793628 ... 130.68092217 134.55574403
 162.6010204 ]",[  2  13  17 ... 156 162 164],mld,208f
-0.8401056800246137,"['num-203a-hinds.nii-0.500000', 'num-203k-hinds.nii-0.500000', 'hist-6-203k-hinds.nii-0.500000', 'hist-10-203k-hinds.nii-0.500000', 'num-204f-hinds.nii-0.500000', 'hist-1-204f-hinds.nii-0.500000', 'hist-8-204f-hinds.nii-0.500000', 'num-206k-hinds.nii-0.500000', 'sum-206k-hinds.nii-0.500000', 'hist-1-206k-hinds.nii-0.500000', 'hist-6-206k-hinds.nii-0.500000', 'hist-15-206k-hinds.nii-0.500000', 'num-208f-hinds.nii-0.500000', 'hist-0-208f-hinds.nii-0.500000', 'hist-16-208f-hinds.nii-0.500000', 'hist-17-208f-hinds.nii-0.500000', 'num-0.500000-mean_mask', 'hist-15-0.500000-mean_mask']","{'memory': None, 'steps': [('prep', StandardScaler()), ('model', KNeighborsRegressor(n_neighbors=3, p=1, weights='distance'))], 'verbose': False, 'prep': StandardScaler(), 'model': KNeighborsRegressor(n_neighbors=3, p=1, weights='distance'), 'prep__copy': True, 'prep__with_mean': True, 'prep__with_std': True, 'model__algorithm': 'auto', 'model__leaf_size': 30, 'model__metric': 'minkowski', 'model__metric_params': None, 'model__n_jobs': None, 'model__n_neighbors': 3, 'model__p': 1, 'model__weights': 'distance'}",KNNR_Objective,0.852743127985394,5.322057284860023,[182. 169. 172. ... 164. 169. 170.],"[175.61133556 160.85015814 174.70054256 ... 162.22291435 168.24873791
 176.67464679]",[  2  13  17 ... 156 162 164],hinds,all
-0.8867475396750957,"['num-203a-hinds.nii-0.500000', 'hist-1-203k-hinds.nii-0.500000', 'hist-8-204f-hinds.nii-0.500000', 'hist-14-206k-hinds.nii-0.500000', 'hist-15-206k-hinds.nii-0.500000', 'hist-1-208f-hinds.nii-0.500000', 'hist-4-208f-hinds.nii-0.500000', 'hist-8-208f-hinds.nii-0.500000', 'hist-9-208f-hinds.nii-0.500000', 'hist-14-208f-hinds.nii-0.500000', 'hist-15-208f-hinds.nii-0.500000', 'hist-6-0.500000-mean_mask']","{'memory': None, 'steps': [('prep', StandardScaler()), ('model', LinearRegression(fit_intercept=1))], 'verbose': False, 'prep': StandardScaler(), 'model': LinearRegression(fit_intercept=1), 'prep__copy': True, 'prep__with_mean': True, 'prep__with_std': True, 'model__copy_X': True, 'model__fit_intercept': 1, 'model__n_jobs': None, 'model__normalize': False, 'model__positive': False}",LinearRegression_Objective,0.8891217429807168,4.618117243322593,[182. 169. 172. ... 164. 169. 170.],"[180.92203755 167.65007283 171.86755812 ... 162.22513686 165.29862822
 175.99211524]",[  2  13  17 ... 156 162 164],hinds,all
-0.8842567428693027,"['num-203a-hinds.nii-0.500000', 'hist-3-203a-hinds.nii-0.500000', 'hist-12-203a-hinds.nii-0.500000', 'hist-13-203a-hinds.nii-0.500000', 'hist-2-203k-hinds.nii-0.500000', 'hist-6-204f-hinds.nii-0.500000', 'sum-206k-hinds.nii-0.500000', 'mean-206k-hinds.nii-0.500000', 'hist-7-206k-hinds.nii-0.500000', 'hist-14-206k-hinds.nii-0.500000', 'hist-15-206k-hinds.nii-0.500000', 'hist-18-206k-hinds.nii-0.500000', 'hist-3-208f-hinds.nii-0.500000', 'hist-7-208f-hinds.nii-0.500000', 'hist-16-0.500000-mean_mask']","{'memory': None, 'steps': [('prep', StandardScaler()), ('model', Lasso(alpha=0.01, normalize=True, random_state=5))], 'verbose': False, 'prep': StandardScaler(), 'model': Lasso(alpha=0.01, normalize=True, random_state=5), 'prep__copy': True, 'prep__with_mean': True, 'prep__with_std': True, 'model__alpha': 0.01, 'model__copy_X': True, 'model__fit_intercept': True, 'model__max_iter': 1000, 'model__normalize': True, 'model__positive': False, 'model__precompute': False, 'model__random_state': 5, 'model__selection': 'cyclic', 'model__tol': 0.0001, 'model__warm_start': False}",LassoRegression_Objective,0.8869986841586772,4.662120663730595,[182. 169. 172. ... 164. 169. 170.],"[177.179386   166.34415669 172.19637681 ... 164.01655241 164.91197236
 176.57153787]",[  2  13  17 ... 156 162 164],hinds,all
-0.89611636878812,"['hist-6-203a-hinds.nii-0.500000', 'hist-12-203a-hinds.nii-0.500000', 'hist-14-203a-hinds.nii-0.500000', 'hist-1-203k-hinds.nii-0.500000', 'std-204f-hinds.nii-0.500000', 'hist-6-204f-hinds.nii-0.500000', 'hist-8-204f-hinds.nii-0.500000', 'hist-11-204f-hinds.nii-0.500000', 'hist-17-204f-hinds.nii-0.500000', 'sum-206k-hinds.nii-0.500000', 'hist-4-206k-hinds.nii-0.500000', 'hist-11-206k-hinds.nii-0.500000', 'hist-14-206k-hinds.nii-0.500000', 'hist-15-206k-hinds.nii-0.500000', 'hist-18-206k-hinds.nii-0.500000', 'hist-7-208f-hinds.nii-0.500000', 'hist-8-208f-hinds.nii-0.500000', 'hist-13-208f-hinds.nii-0.500000', 'hist-15-208f-hinds.nii-0.500000', 'mean-0.500000-mean_mask', 'hist-6-0.500000-mean_mask', 'hist-8-0.500000-mean_mask', 'hist-11-0.500000-mean_mask', 'hist-13-0.500000-mean_mask', 'hist-14-0.500000-mean_mask', 'hist-16-0.500000-mean_mask']","{'memory': None, 'steps': [('prep', StandardScaler()), ('model', Ridge(alpha=0.01, normalize=True, random_state=5))], 'verbose': False, 'prep': StandardScaler(), 'model': Ridge(alpha=0.01, normalize=True, random_state=5), 'prep__copy': True, 'prep__with_mean': True, 'prep__with_std': True, 'model__alpha': 0.01, 'model__copy_X': True, 'model__fit_intercept': True, 'model__max_iter': None, 'model__normalize': True, 'model__random_state': 5, 'model__solver': 'auto', 'model__tol': 0.001}",RidgeRegression_Objective,0.8976024579227885,4.437992105328055,[182. 169. 172. ... 164. 169. 170.],"[176.80750951 167.34776327 171.66153699 ... 164.2052581  165.73038373
 175.56815033]",[  2  13  17 ... 156 162 164],hinds,all
-0.8871076012334113,"['num-203a-hinds.nii-0.500000', 'hist-3-203a-hinds.nii-0.500000', 'hist-6-203a-hinds.nii-0.500000', 'hist-3-203k-hinds.nii-0.500000', 'hist-10-203k-hinds.nii-0.500000', 'hist-11-203k-hinds.nii-0.500000', 'hist-8-204f-hinds.nii-0.500000', 'hist-17-204f-hinds.nii-0.500000', 'kurt-206k-hinds.nii-0.500000', 'hist-18-206k-hinds.nii-0.500000', 'hist-8-208f-hinds.nii-0.500000', 'hist-9-208f-hinds.nii-0.500000', 'hist-16-0.500000-mean_mask']","{'memory': None, 'steps': [('prep', StandardScaler()), ('model', PLSRegression(n_components=12))], 'verbose': False, 'prep': StandardScaler(), 'model': PLSRegression(n_components=12), 'prep__copy': True, 'prep__with_mean': True, 'prep__with_std': True, 'model__copy': True, 'model__max_iter': 500, 'model__n_components': 12, 'model__scale': True, 'model__tol': 1e-06}",PLSRegression_Objective,0.8890329010535852,4.619967021151822,[182. 169. 172. ... 164. 169. 170.],"[178.2468609  164.67315333 168.66453374 ... 159.85210649 163.02856448
 174.31973464]",[  2  13  17 ... 156 162 164],hinds,all
-0.816527745909563,"['num-0.500000-mean_mask', 'hist-12-0.500000-mean_mask']","{'memory': None, 'steps': [('prep', StandardScaler()), ('model', KNeighborsRegressor(p=7, weights='distance'))], 'verbose': False, 'prep': StandardScaler(), 'model': KNeighborsRegressor(p=7, weights='distance'), 'prep__copy': True, 'prep__with_mean': True, 'prep__with_std': True, 'model__algorithm': 'auto', 'model__leaf_size': 30, 'model__metric': 'minkowski', 'model__metric_params': None, 'model__n_jobs': None, 'model__n_neighbors': 5, 'model__p': 7, 'model__weights': 'distance'}",KNNR_Objective,0.8283618103348969,5.745776409581001,[182. 169. 172. ... 164. 169. 170.],"[175.64862438 162.96170486 172.35818715 ... 162.93867781 171.18449073
 178.42061973]",[  2  13  17 ... 156 162 164],hinds,mean_mask
-0.8763673050536803,"['num-0.500000-mean_mask', 'kurt-0.500000-mean_mask', 'hist-4-0.500000-mean_mask']","{'memory': None, 'steps': [('prep', StandardScaler()), ('model', LinearRegression(fit_intercept=1))], 'verbose': False, 'prep': StandardScaler(), 'model': LinearRegression(fit_intercept=1), 'prep__copy': True, 'prep__with_mean': True, 'prep__with_std': True, 'model__copy_X': True, 'model__fit_intercept': 1, 'model__n_jobs': None, 'model__normalize': False, 'model__positive': False}",LinearRegression_Objective,0.8772721368152827,4.858624610593674,[182. 169. 172. ... 164. 169. 170.],"[178.12565041 162.84469605 171.7671169  ... 162.69727116 165.97641156
 177.66998622]",[  2  13  17 ... 156 162 164],hinds,mean_mask
-0.879260942375357,"['num-0.500000-mean_mask', 'kurt-0.500000-mean_mask', 'hist-2-0.500000-mean_mask', 'hist-6-0.500000-mean_mask']","{'memory': None, 'steps': [('prep', StandardScaler()), ('model', Lasso(alpha=0.01, normalize=True, random_state=5))], 'verbose': False, 'prep': StandardScaler(), 'model': Lasso(alpha=0.01, normalize=True, random_state=5), 'prep__copy': True, 'prep__with_mean': True, 'prep__with_std': True, 'model__alpha': 0.01, 'model__copy_X': True, 'model__fit_intercept': True, 'model__max_iter': 1000, 'model__normalize': True, 'model__positive': False, 'model__precompute': False, 'model__random_state': 5, 'model__selection': 'cyclic', 'model__tol': 0.0001, 'model__warm_start': False}",LassoRegression_Objective,0.8809713868131402,4.78484028759275,[182. 169. 172. ... 164. 169. 170.],"[178.68503771 163.33244282 172.65897783 ... 162.79258225 165.80755069
 176.92569254]",[  2  13  17 ... 156 162 164],hinds,mean_mask
-0.880718318276753,"['num-0.500000-mean_mask', 'hist-2-0.500000-mean_mask', 'hist-4-0.500000-mean_mask', 'hist-6-0.500000-mean_mask', 'hist-12-0.500000-mean_mask', 'hist-14-0.500000-mean_mask']","{'memory': None, 'steps': [('prep', StandardScaler()), ('model', Ridge(alpha=0.02, normalize=True, random_state=5))], 'verbose': False, 'prep': StandardScaler(), 'model': Ridge(alpha=0.02, normalize=True, random_state=5), 'prep__copy': True, 'prep__with_mean': True, 'prep__with_std': True, 'model__alpha': 0.02, 'model__copy_X': True, 'model__fit_intercept': True, 'model__max_iter': None, 'model__normalize': True, 'model__random_state': 5, 'model__solver': 'auto', 'model__tol': 0.001}",RidgeRegression_Objective,0.8830162193570505,4.7435620467961215,[182. 169. 172. ... 164. 169. 170.],"[178.84891842 164.64294809 172.53227189 ... 162.35486078 165.51224802
 176.11653302]",[  2  13  17 ... 156 162 164],hinds,mean_mask
-0.8795915842372077,"['num-0.500000-mean_mask', 'hist-1-0.500000-mean_mask', 'hist-4-0.500000-mean_mask', 'hist-6-0.500000-mean_mask', 'hist-8-0.500000-mean_mask']","{'memory': None, 'steps': [('prep', StandardScaler()), ('model', PLSRegression(n_components=3))], 'verbose': False, 'prep': StandardScaler(), 'model': PLSRegression(n_components=3), 'prep__copy': True, 'prep__with_mean': True, 'prep__with_std': True, 'model__copy': True, 'model__max_iter': 500, 'model__n_components': 3, 'model__scale': True, 'model__tol': 1e-06}",PLSRegression_Objective,0.8815675033486973,4.772843581319089,[182. 169. 172. ... 164. 169. 170.],"[177.89751356 165.26477557 172.50024084 ... 162.81852707 166.46019173
 175.62804832]",[  2  13  17 ... 156 162 164],hinds,mean_mask
-0.8136476852308019,"['num-203a-hinds.nii-0.500000', 'hist-0-203a-hinds.nii-0.500000', 'hist-5-203a-hinds.nii-0.500000']","{'memory': None, 'steps': [('prep', StandardScaler()), ('model', KNeighborsRegressor(n_neighbors=3, weights='distance'))], 'verbose': False, 'prep': StandardScaler(), 'model': KNeighborsRegressor(n_neighbors=3, weights='distance'), 'prep__copy': True, 'prep__with_mean': True, 'prep__with_std': True, 'model__algorithm': 'auto', 'model__leaf_size': 30, 'model__metric': 'minkowski', 'model__metric_params': None, 'model__n_jobs': None, 'model__n_neighbors': 3, 'model__p': 2, 'model__weights': 'distance'}",KNNR_Objective,0.8237987496068505,5.821652149862157,[182. 169. 172. ... 164. 169. 170.],"[171.37815401 166.73588446 168.34211537 ... 159.45057715 168.2215796
 171.87504955]",[  2  13  17 ... 156 162 164],hinds,203a
-0.875621945627535,"['num-203a-hinds.nii-0.500000', 'hist-4-203a-hinds.nii-0.500000']","{'memory': None, 'steps': [('prep', StandardScaler()), ('model', LinearRegression(fit_intercept=1))], 'verbose': False, 'prep': StandardScaler(), 'model': LinearRegression(fit_intercept=1), 'prep__copy': True, 'prep__with_mean': True, 'prep__with_std': True, 'model__copy_X': True, 'model__fit_intercept': 1, 'model__n_jobs': None, 'model__normalize': False, 'model__positive': False}",LinearRegression_Objective,0.876782685692848,4.868303313287708,[182. 169. 172. ... 164. 169. 170.],"[176.83480556 165.22296631 172.74332364 ... 161.76145365 163.94022171
 176.80385275]",[  2  13  17 ... 156 162 164],hinds,203a
-0.8759318879588087,"['num-203a-hinds.nii-0.500000', 'hist-1-203a-hinds.nii-0.500000', 'hist-8-203a-hinds.nii-0.500000']","{'memory': None, 'steps': [('prep', StandardScaler()), ('model', Lasso(alpha=0.01, normalize=True, random_state=5))], 'verbose': False, 'prep': StandardScaler(), 'model': Lasso(alpha=0.01, normalize=True, random_state=5), 'prep__copy': True, 'prep__with_mean': True, 'prep__with_std': True, 'model__alpha': 0.01, 'model__copy_X': True, 'model__fit_intercept': True, 'model__max_iter': 1000, 'model__normalize': True, 'model__positive': False, 'model__precompute': False, 'model__random_state': 5, 'model__selection': 'cyclic', 'model__tol': 0.0001, 'model__warm_start': False}",LassoRegression_Objective,0.8772389846153485,4.859280790918745,[182. 169. 172. ... 164. 169. 170.],"[176.88667913 165.91048946 172.48475513 ... 162.03548571 164.87088038
 176.53541769]",[  2  13  17 ... 156 162 164],hinds,203a
-0.8824208981348003,"['num-203a-hinds.nii-0.500000', 'hist-0-203a-hinds.nii-0.500000', 'hist-2-203a-hinds.nii-0.500000', 'hist-6-203a-hinds.nii-0.500000', 'hist-12-203a-hinds.nii-0.500000', 'hist-14-203a-hinds.nii-0.500000']","{'memory': None, 'steps': [('prep', StandardScaler()), ('model', Ridge(alpha=0.01, normalize=True, random_state=5))], 'verbose': False, 'prep': StandardScaler(), 'model': Ridge(alpha=0.01, normalize=True, random_state=5), 'prep__copy': True, 'prep__with_mean': True, 'prep__with_std': True, 'model__alpha': 0.01, 'model__copy_X': True, 'model__fit_intercept': True, 'model__max_iter': None, 'model__normalize': True, 'model__random_state': 5, 'model__solver': 'auto', 'model__tol': 0.001}",RidgeRegression_Objective,0.8843352987067647,4.716742630804359,[182. 169. 172. ... 164. 169. 170.],"[178.10751803 165.07377432 172.11753909 ... 161.86039638 164.32760447
 175.07232804]",[  2  13  17 ... 156 162 164],hinds,203a
-0.8810604897207901,"['num-203a-hinds.nii-0.500000', 'hist-2-203a-hinds.nii-0.500000', 'hist-3-203a-hinds.nii-0.500000', 'hist-6-203a-hinds.nii-0.500000']","{'memory': None, 'steps': [('prep', StandardScaler()), ('model', PLSRegression())], 'verbose': False, 'prep': StandardScaler(), 'model': PLSRegression(), 'prep__copy': True, 'prep__with_mean': True, 'prep__with_std': True, 'model__copy': True, 'model__max_iter': 500, 'model__n_components': 2, 'model__scale': True, 'model__tol': 1e-06}",PLSRegression_Objective,0.8825150432893565,4.753712252912798,[182. 169. 172. ... 164. 169. 170.],"[178.70963064 164.47814549 173.42124909 ... 162.42497101 164.51818434
 175.72930849]",[  2  13  17 ... 156 162 164],hinds,203a
-0.8238720200989585,"['num-203k-hinds.nii-0.500000', 'std-203k-hinds.nii-0.500000']","{'memory': None, 'steps': [('prep', StandardScaler()), ('model', KNeighborsRegressor(p=4, weights='distance'))], 'verbose': False, 'prep': StandardScaler(), 'model': KNeighborsRegressor(p=4, weights='distance'), 'prep__copy': True, 'prep__with_mean': True, 'prep__with_std': True, 'model__algorithm': 'auto', 'model__leaf_size': 30, 'model__metric': 'minkowski', 'model__metric_params': None, 'model__n_jobs': None, 'model__n_neighbors': 5, 'model__p': 4, 'model__weights': 'distance'}",KNNR_Objective,0.835507141701331,5.624906177401559,[182. 169. 172. ... 164. 169. 170.],"[173.26659681 169.75254764 175.7059172  ... 162.30482616 160.77506967
 174.79259885]",[  2  13  17 ... 156 162 164],hinds,203k
-0.8809269296527781,"['num-203k-hinds.nii-0.500000', 'kurt-203k-hinds.nii-0.500000', 'hist-0-203k-hinds.nii-0.500000', 'hist-2-203k-hinds.nii-0.500000', 'hist-4-203k-hinds.nii-0.500000']","{'memory': None, 'steps': [('prep', StandardScaler()), ('model', LinearRegression(fit_intercept=1))], 'verbose': False, 'prep': StandardScaler(), 'model': LinearRegression(fit_intercept=1), 'prep__copy': True, 'prep__with_mean': True, 'prep__with_std': True, 'model__copy_X': True, 'model__fit_intercept': 1, 'model__n_jobs': None, 'model__normalize': False, 'model__positive': False}",LinearRegression_Objective,0.8821778396833411,4.7605293825338855,[182. 169. 172. ... 164. 169. 170.],"[178.43931388 162.81198806 171.15349934 ... 162.26116341 165.3704018
 176.20068828]",[  2  13  17 ... 156 162 164],hinds,203k
-0.8809431949540741,"['num-203k-hinds.nii-0.500000', 'kurt-203k-hinds.nii-0.500000', 'hist-2-203k-hinds.nii-0.500000', 'hist-6-203k-hinds.nii-0.500000']","{'memory': None, 'steps': [('prep', StandardScaler()), ('model', Lasso(alpha=0.01, normalize=True, random_state=5))], 'verbose': False, 'prep': StandardScaler(), 'model': Lasso(alpha=0.01, normalize=True, random_state=5), 'prep__copy': True, 'prep__with_mean': True, 'prep__with_std': True, 'model__alpha': 0.01, 'model__copy_X': True, 'model__fit_intercept': True, 'model__max_iter': 1000, 'model__normalize': True, 'model__positive': False, 'model__precompute': False, 'model__random_state': 5, 'model__selection': 'cyclic', 'model__tol': 0.0001, 'model__warm_start': False}",LassoRegression_Objective,0.8827315529454584,4.7493299930325925,[182. 169. 172. ... 164. 169. 170.],"[178.4360816  164.0759426  171.79438057 ... 162.28585874 165.04685889
 176.14657788]",[  2  13  17 ... 156 162 164],hinds,203k
-0.8812848844665112,"['num-203k-hinds.nii-0.500000', 'kurt-203k-hinds.nii-0.500000', 'hist-0-203k-hinds.nii-0.500000', 'hist-1-203k-hinds.nii-0.500000', 'hist-4-203k-hinds.nii-0.500000']","{'memory': None, 'steps': [('prep', StandardScaler()), ('model', Ridge(alpha=0.01, normalize=True, random_state=5))], 'verbose': False, 'prep': StandardScaler(), 'model': Ridge(alpha=0.01, normalize=True, random_state=5), 'prep__copy': True, 'prep__with_mean': True, 'prep__with_std': True, 'model__alpha': 0.01, 'model__copy_X': True, 'model__fit_intercept': True, 'model__max_iter': None, 'model__normalize': True, 'model__random_state': 5, 'model__solver': 'auto', 'model__tol': 0.001}",RidgeRegression_Objective,0.8824282883262193,4.755467081942801,[182. 169. 172. ... 164. 169. 170.],"[177.92368317 163.29708299 171.25300966 ... 162.14926163 165.39622686
 176.0890625 ]",[  2  13  17 ... 156 162 164],hinds,203k
-0.8792429881956612,"['num-203k-hinds.nii-0.500000', 'kurt-203k-hinds.nii-0.500000', 'hist-0-203k-hinds.nii-0.500000', 'hist-1-203k-hinds.nii-0.500000', 'hist-5-203k-hinds.nii-0.500000', 'hist-9-203k-hinds.nii-0.500000']","{'memory': None, 'steps': [('prep', StandardScaler()), ('model', PLSRegression(n_components=5))], 'verbose': False, 'prep': StandardScaler(), 'model': PLSRegression(n_components=5), 'prep__copy': True, 'prep__with_mean': True, 'prep__with_std': True, 'model__copy': True, 'model__max_iter': 500, 'model__n_components': 5, 'model__scale': True, 'model__tol': 1e-06}",PLSRegression_Objective,0.8799232770096163,4.805860638102864,[182. 169. 172. ... 164. 169. 170.],"[176.71738946 163.38226072 171.11429219 ... 161.01021291 165.45308109
 176.23939779]",[  2  13  17 ... 156 162 164],hinds,203k
-0.8083873306588165,"['num-204f-hinds.nii-0.500000', 'hist-0-204f-hinds.nii-0.500000']","{'memory': None, 'steps': [('prep', StandardScaler()), ('model', KNeighborsRegressor(n_neighbors=4, p=5, weights='distance'))], 'verbose': False, 'prep': StandardScaler(), 'model': KNeighborsRegressor(n_neighbors=4, p=5, weights='distance'), 'prep__copy': True, 'prep__with_mean': True, 'prep__with_std': True, 'model__algorithm': 'auto', 'model__leaf_size': 30, 'model__metric': 'minkowski', 'model__metric_params': None, 'model__n_jobs': None, 'model__n_neighbors': 4, 'model__p': 5, 'model__weights': 'distance'}",KNNR_Objective,0.8211814534750768,5.864730225027463,[182. 169. 172. ... 164. 169. 170.],"[176.32143912 163.45699604 170.70074665 ... 157.57612462 172.55983504
 174.35226007]",[  2  13  17 ... 156 162 164],hinds,204f
-0.8657967546793495,"['num-204f-hinds.nii-0.500000', 'std-204f-hinds.nii-0.500000', 'hist-4-204f-hinds.nii-0.500000', 'hist-19-204f-hinds.nii-0.500000']","{'memory': None, 'steps': [('prep', StandardScaler()), ('model', LinearRegression(fit_intercept=1))], 'verbose': False, 'prep': StandardScaler(), 'model': LinearRegression(fit_intercept=1), 'prep__copy': True, 'prep__with_mean': True, 'prep__with_std': True, 'model__copy_X': True, 'model__fit_intercept': 1, 'model__n_jobs': None, 'model__normalize': False, 'model__positive': False}",LinearRegression_Objective,0.8677131485933715,5.044290611840098,[182. 169. 172. ... 164. 169. 170.],"[174.01991151 163.62260847 174.49461126 ... 160.17693033 165.36538476
 178.43803406]",[  2  13  17 ... 156 162 164],hinds,204f
-0.8742983885866608,"['num-204f-hinds.nii-0.500000', 'sum-204f-hinds.nii-0.500000', 'hist-2-204f-hinds.nii-0.500000', 'hist-3-204f-hinds.nii-0.500000', 'hist-6-204f-hinds.nii-0.500000']","{'memory': None, 'steps': [('prep', StandardScaler()), ('model', Lasso(alpha=0.01, normalize=True, random_state=5))], 'verbose': False, 'prep': StandardScaler(), 'model': Lasso(alpha=0.01, normalize=True, random_state=5), 'prep__copy': True, 'prep__with_mean': True, 'prep__with_std': True, 'model__alpha': 0.01, 'model__copy_X': True, 'model__fit_intercept': True, 'model__max_iter': 1000, 'model__normalize': True, 'model__positive': False, 'model__precompute': False, 'model__random_state': 5, 'model__selection': 'cyclic', 'model__tol': 0.0001, 'model__warm_start': False}",LassoRegression_Objective,0.8769955277979078,4.864096811202493,[182. 169. 172. ... 164. 169. 170.],"[176.26588248 163.43724967 174.21639734 ... 161.79696043 166.39912504
 177.17891473]",[  2  13  17 ... 156 162 164],hinds,204f
-0.8758500484711819,"['num-204f-hinds.nii-0.500000', 'std-204f-hinds.nii-0.500000', 'hist-2-204f-hinds.nii-0.500000', 'hist-4-204f-hinds.nii-0.500000', 'hist-6-204f-hinds.nii-0.500000', 'hist-11-204f-hinds.nii-0.500000', 'hist-14-204f-hinds.nii-0.500000', 'hist-18-204f-hinds.nii-0.500000']","{'memory': None, 'steps': [('prep', StandardScaler()), ('model', Ridge(alpha=0.02, normalize=True, random_state=5))], 'verbose': False, 'prep': StandardScaler(), 'model': Ridge(alpha=0.02, normalize=True, random_state=5), 'prep__copy': True, 'prep__with_mean': True, 'prep__with_std': True, 'model__alpha': 0.02, 'model__copy_X': True, 'model__fit_intercept': True, 'model__max_iter': None, 'model__normalize': True, 'model__random_state': 5, 'model__solver': 'auto', 'model__tol': 0.001}",RidgeRegression_Objective,0.8791202342651311,4.821904049275261,[182. 169. 172. ... 164. 169. 170.],"[175.93617007 163.66635388 173.75802431 ... 160.66655466 166.05899154
 177.51613061]",[  2  13  17 ... 156 162 164],hinds,204f
-0.8767460842335972,"['num-204f-hinds.nii-0.500000', 'hist-1-204f-hinds.nii-0.500000', 'hist-2-204f-hinds.nii-0.500000', 'hist-3-204f-hinds.nii-0.500000', 'hist-5-204f-hinds.nii-0.500000', 'hist-6-204f-hinds.nii-0.500000', 'hist-8-204f-hinds.nii-0.500000']","{'memory': None, 'steps': [('prep', StandardScaler()), ('model', PLSRegression())], 'verbose': False, 'prep': StandardScaler(), 'model': PLSRegression(), 'prep__copy': True, 'prep__with_mean': True, 'prep__with_std': True, 'model__copy': True, 'model__max_iter': 500, 'model__n_components': 2, 'model__scale': True, 'model__tol': 1e-06}",PLSRegression_Objective,0.8781887060844817,4.840447761119137,[182. 169. 172. ... 164. 169. 170.],"[175.36808282 163.20222818 173.53476854 ... 161.80127275 166.64999503
 177.1817915 ]",[  2  13  17 ... 156 162 164],hinds,204f
-0.8084093593793849,['num-206k-hinds.nii-0.500000'],"{'memory': None, 'steps': [('prep', StandardScaler()), ('model', KNeighborsRegressor(n_neighbors=6, p=5))], 'verbose': False, 'prep': StandardScaler(), 'model': KNeighborsRegressor(n_neighbors=6, p=5), 'prep__copy': True, 'prep__with_mean': True, 'prep__with_std': True, 'model__algorithm': 'auto', 'model__leaf_size': 30, 'model__metric': 'minkowski', 'model__metric_params': None, 'model__n_jobs': None, 'model__n_neighbors': 6, 'model__p': 5, 'model__weights': 'uniform'}",KNNR_Objective,0.8163502611752865,5.943426780521893,[182. 169. 172. ... 164. 169. 170.],"[176.16666667 165.16666667 173.16666667 ... 161.33333333 169.5
 177.66666667]",[  2  13  17 ... 156 162 164],hinds,206k
-0.8807146195624349,"['num-206k-hinds.nii-0.500000', 'std-206k-hinds.nii-0.500000', 'kurt-206k-hinds.nii-0.500000', 'hist-4-206k-hinds.nii-0.500000', 'hist-14-206k-hinds.nii-0.500000', 'hist-15-206k-hinds.nii-0.500000', 'hist-18-206k-hinds.nii-0.500000']","{'memory': None, 'steps': [('prep', StandardScaler()), ('model', LinearRegression(fit_intercept=1))], 'verbose': False, 'prep': StandardScaler(), 'model': LinearRegression(fit_intercept=1), 'prep__copy': True, 'prep__with_mean': True, 'prep__with_std': True, 'model__copy_X': True, 'model__fit_intercept': 1, 'model__n_jobs': None, 'model__normalize': False, 'model__positive': False}",LinearRegression_Objective,0.8824792779164822,4.754435772580897,[182. 169. 172. ... 164. 169. 170.],"[177.93008484 165.55355123 172.00288179 ... 165.96716087 165.38744124
 176.44176544]",[  2  13  17 ... 156 162 164],hinds,206k
-0.8804595835642036,"['num-206k-hinds.nii-0.500000', 'sum-206k-hinds.nii-0.500000', 'mean-206k-hinds.nii-0.500000', 'hist-1-206k-hinds.nii-0.500000', 'hist-4-206k-hinds.nii-0.500000', 'hist-6-206k-hinds.nii-0.500000', 'hist-14-206k-hinds.nii-0.500000', 'hist-15-206k-hinds.nii-0.500000']","{'memory': None, 'steps': [('prep', StandardScaler()), ('model', Lasso(alpha=0.01, normalize=True, random_state=5))], 'verbose': False, 'prep': StandardScaler(), 'model': Lasso(alpha=0.01, normalize=True, random_state=5), 'prep__copy': True, 'prep__with_mean': True, 'prep__with_std': True, 'model__alpha': 0.01, 'model__copy_X': True, 'model__fit_intercept': True, 'model__max_iter': 1000, 'model__normalize': True, 'model__positive': False, 'model__precompute': False, 'model__random_state': 5, 'model__selection': 'cyclic', 'model__tol': 0.0001, 'model__warm_start': False}",LassoRegression_Objective,0.8826145314702676,4.751699066019675,[182. 169. 172. ... 164. 169. 170.],"[177.92309568 166.28698648 172.32624278 ... 163.16429784 166.38040597
 176.69550517]",[  2  13  17 ... 156 162 164],hinds,206k
-0.8831025923233076,"['num-206k-hinds.nii-0.500000', 'sum-206k-hinds.nii-0.500000', 'kurt-206k-hinds.nii-0.500000', 'hist-1-206k-hinds.nii-0.500000', 'hist-6-206k-hinds.nii-0.500000', 'hist-12-206k-hinds.nii-0.500000', 'hist-14-206k-hinds.nii-0.500000', 'hist-15-206k-hinds.nii-0.500000', 'hist-18-206k-hinds.nii-0.500000']","{'memory': None, 'steps': [('prep', StandardScaler()), ('model', Ridge(alpha=0.02, normalize=True, random_state=5))], 'verbose': False, 'prep': StandardScaler(), 'model': Ridge(alpha=0.02, normalize=True, random_state=5), 'prep__copy': True, 'prep__with_mean': True, 'prep__with_std': True, 'model__alpha': 0.02, 'model__copy_X': True, 'model__fit_intercept': True, 'model__max_iter': None, 'model__normalize': True, 'model__random_state': 5, 'model__solver': 'auto', 'model__tol': 0.001}",RidgeRegression_Objective,0.8861532152921049,4.679529011809461,[182. 169. 172. ... 164. 169. 170.],"[178.19835346 165.1070816  171.73119931 ... 164.979395   165.16313828
 175.5076886 ]",[  2  13  17 ... 156 162 164],hinds,206k
-0.8808799037388743,"['num-206k-hinds.nii-0.500000', 'skew-206k-hinds.nii-0.500000', 'kurt-206k-hinds.nii-0.500000', 'hist-1-206k-hinds.nii-0.500000', 'hist-2-206k-hinds.nii-0.500000', 'hist-4-206k-hinds.nii-0.500000', 'hist-6-206k-hinds.nii-0.500000']","{'memory': None, 'steps': [('prep', StandardScaler()), ('model', PLSRegression(n_components=4))], 'verbose': False, 'prep': StandardScaler(), 'model': PLSRegression(n_components=4), 'prep__copy': True, 'prep__with_mean': True, 'prep__with_std': True, 'model__copy': True, 'model__max_iter': 500, 'model__n_components': 4, 'model__scale': True, 'model__tol': 1e-06}",PLSRegression_Objective,0.8828145292894446,4.747649439633394,[182. 169. 172. ... 164. 169. 170.],"[177.92071872 164.83304693 172.65581143 ... 162.28040635 165.91883598
 174.55361445]",[  2  13  17 ... 156 162 164],hinds,206k
-0.8046400193279191,"['num-208f-hinds.nii-0.500000', 'hist-0-208f-hinds.nii-0.500000', 'hist-5-208f-hinds.nii-0.500000']","{'memory': None, 'steps': [('prep', StandardScaler()), ('model', KNeighborsRegressor(n_neighbors=7, p=7, weights='distance'))], 'verbose': False, 'prep': StandardScaler(), 'model': KNeighborsRegressor(n_neighbors=7, p=7, weights='distance'), 'prep__copy': True, 'prep__with_mean': True, 'prep__with_std': True, 'model__algorithm': 'auto', 'model__leaf_size': 30, 'model__metric': 'minkowski', 'model__metric_params': None, 'model__n_jobs': None, 'model__n_neighbors': 7, 'model__p': 7, 'model__weights': 'distance'}",KNNR_Objective,0.8164026651406628,5.942578749495833,[182. 169. 172. ... 164. 169. 170.],"[173.09755499 165.85678492 171.43632041 ... 164.82011725 164.96187684
 173.752548  ]",[  2  13  17 ... 156 162 164],hinds,208f
-0.8685325176707339,"['num-208f-hinds.nii-0.500000', 'std-208f-hinds.nii-0.500000', 'hist-4-208f-hinds.nii-0.500000']","{'memory': None, 'steps': [('prep', StandardScaler()), ('model', LinearRegression(fit_intercept=1))], 'verbose': False, 'prep': StandardScaler(), 'model': LinearRegression(fit_intercept=1), 'prep__copy': True, 'prep__with_mean': True, 'prep__with_std': True, 'model__copy_X': True, 'model__fit_intercept': 1, 'model__n_jobs': None, 'model__normalize': False, 'model__positive': False}",LinearRegression_Objective,0.8703969477818506,4.9928598328825355,[182. 169. 172. ... 164. 169. 170.],"[175.97190776 166.15825131 173.78407201 ... 162.92439117 163.81934
 177.90816205]",[  2  13  17 ... 156 162 164],hinds,208f
-0.8723884061029892,"['num-208f-hinds.nii-0.500000', 'sum-208f-hinds.nii-0.500000', 'mean-208f-hinds.nii-0.500000', 'hist-2-208f-hinds.nii-0.500000', 'hist-6-208f-hinds.nii-0.500000', 'hist-7-208f-hinds.nii-0.500000']","{'memory': None, 'steps': [('prep', StandardScaler()), ('model', Lasso(alpha=0.01, normalize=True, random_state=5))], 'verbose': False, 'prep': StandardScaler(), 'model': Lasso(alpha=0.01, normalize=True, random_state=5), 'prep__copy': True, 'prep__with_mean': True, 'prep__with_std': True, 'model__alpha': 0.01, 'model__copy_X': True, 'model__fit_intercept': True, 'model__max_iter': 1000, 'model__normalize': True, 'model__positive': False, 'model__precompute': False, 'model__random_state': 5, 'model__selection': 'cyclic', 'model__tol': 0.0001, 'model__warm_start': False}",LassoRegression_Objective,0.874931490288352,4.904737248425771,[182. 169. 172. ... 164. 169. 170.],"[176.63379208 165.23817777 173.38797936 ... 163.27265978 164.4750555
 176.71870472]",[  2  13  17 ... 156 162 164],hinds,208f
-0.8745518334107952,"['num-208f-hinds.nii-0.500000', 'hist-2-208f-hinds.nii-0.500000', 'hist-4-208f-hinds.nii-0.500000', 'hist-6-208f-hinds.nii-0.500000', 'hist-12-208f-hinds.nii-0.500000', 'hist-15-208f-hinds.nii-0.500000']","{'memory': None, 'steps': [('prep', StandardScaler()), ('model', Ridge(alpha=0.02, normalize=True, random_state=5))], 'verbose': False, 'prep': StandardScaler(), 'model': Ridge(alpha=0.02, normalize=True, random_state=5), 'prep__copy': True, 'prep__with_mean': True, 'prep__with_std': True, 'model__alpha': 0.02, 'model__copy_X': True, 'model__fit_intercept': True, 'model__max_iter': None, 'model__normalize': True, 'model__random_state': 5, 'model__solver': 'auto', 'model__tol': 0.001}",RidgeRegression_Objective,0.8773665267865556,4.856755867678349,[182. 169. 172. ... 164. 169. 170.],"[178.69978287 164.57582267 173.21391387 ... 162.87499616 165.05282789
 175.84661354]",[  2  13  17 ... 156 162 164],hinds,208f
-0.867481233731992,"['num-208f-hinds.nii-0.500000', 'std-208f-hinds.nii-0.500000', 'hist-9-208f-hinds.nii-0.500000']","{'memory': None, 'steps': [('prep', StandardScaler()), ('model', PLSRegression(n_components=3))], 'verbose': False, 'prep': StandardScaler(), 'model': PLSRegression(n_components=3), 'prep__copy': True, 'prep__with_mean': True, 'prep__with_std': True, 'model__copy': True, 'model__max_iter': 500, 'model__n_components': 3, 'model__scale': True, 'model__tol': 1e-06}",PLSRegression_Objective,0.869035802144922,5.019009906958287,[182. 169. 172. ... 164. 169. 170.],"[175.71477131 166.55848097 173.85447168 ... 162.32567652 164.21130042
 178.12401959]",[  2  13  17 ... 156 162 164],hinds,208f
